<?xml version="1.0" encoding="UTF-8"?>
<project-private xmlns="http://www.netbeans.org/ns/project-private/1">
    <editor-bookmarks xmlns="http://www.netbeans.org/ns/editor-bookmarks/2" lastBookmarkId="0"/>
    <open-files xmlns="http://www.netbeans.org/ns/projectui-open-files/2">
        <group>
            <file>file:/D:/Niju/Semester%204/Database%20Management%20System/sanbank/src/bank/withdraw.java</file>
            <file>file:/D:/Niju/Semester%204/Database%20Management%20System/sanbank/src/bank/transfer.java</file>
            <file>file:/D:/Niju/Semester%204/Database%20Management%20System/sanbank/src/bank/mainmenu.java</file>
            <file>file:/D:/Niju/Semester%204/Database%20Management%20System/sanbank/src/bank/customer.java</file>
        </group>
    </open-files>
</project-private>
